0,849,9
1,402,47
1,479,47
2,433,47
2,483,47
2,959,26
3,318,47
4,468,47
4,749,5
4,902,9
5,169,21
5,405,47
5,428,47
5,471,47
5,696,5
6,272,21
6,485,47
7,40,21
7,283,1
7,363,47
7,867,9
7,890,9
10,275,21
11,736,5
11,836,9
11,876,9
11,885,9
12,316,47
12,532,31
13,409,47
15,180,21
15,429,47
15,693,5
16,762,5
16,923,26
17,114,21
17,146,21
18,124,21
18,532,31
18,554,31
18,628,5
19,641,5
22,362,47
22,550,31
22,550,31
23,555,31
24,365,47
24,543,31
26,678,5
26,955,26
27,115,21
27,783,9
28,154,21
28,982,26
29,134,21
29,155,21
29,549,31
29,803,9
30,393,47
30,709,5
30,775,9
30,965,26
31,223,21
32,288,1
32,528,31
32,793,9
32,800,9
32,977,26
33,279,1
33,331,47
33,445,47
34,243,21
35,165,21
36,307,1
37,154,21
37,252,21
38,370,47
38,758,9
39,197,21
39,436,47
39,632,5
39,787,9
40,96,21
40,350,47
40,567,31
40,629,5
40,970,26
41,111,21
41,934,26
42,71,21
42,295,1
43,133,21
43,175,21
43,782,9
44,280,1
44,309,1
44,692,5
44,833,9
45,223,21
45,319,1
45,372,47
45,410,47
45,551,31
45,561,31
45,606,5
45,714,5
45,723,5
46,43,21
47,697,5
47,985,26
48,11,21
48,279,1
48,434,47
48,554,31
48,757,9
48,767,9
48,833,9
48,857,9
49,762,9
49,877,9
50,211,21
50,439,47
51,124,21
51,221,21
51,569,31
51,894,9
52,211,21
52,308,1
52,322,1
53,78,21
53,209,21
53,413,47
54,225,21
54,589,5
54,828,9
55,689,5
55,854,9
55,877,9
56,787,9
56,791,9
57,60,21
57,464,47
57,841,9
58,452,47
59,507,47
59,803,9
59,933,26
60,307,1
60,368,47
60,519,31
61,361,47
62,197,21
63,226,21
63,508,47
63,589,5
64,693,5
64,960,26
65,603,5
66,314,1
67,24,21
67,351,1
67,419,47
67,735,9
68,90,21
68,102,21
68,110,21
68,507,47
68,695,5
69,484,47
69,729,9
70,39,21
70,384,47
70,427,47
70,658,5
70,997,26
71,173,21
73,176,21
73,863,9
75,205,21
76,362,1
76,432,47
76,629,5
77,598,5
77,820,9
78,158,21
78,268,21
78,298,1
78,482,47
78,613,5
78,696,5
78,701,5
78,800,9
79,112,21
79,530,31
80,360,1
80,497,47
80,769,9
81,197,21
81,199,21
81,284,1
81,343,1
81,929,26
82,2,21
82,557,31
82,961,26
83,385,47
83,579,5
84,509,47
86,254,21
86,834,9
86,962,26
87,122,21
88,237,21
88,343,1
88,352,1
88,439,47
89,341,1
89,407,47
89,434,47
89,474,47
89,835,9
91,295,1
91,368,1
91,492,47
91,649,5
92,30,21
93,120,21
93,350,1
93,535,31
93,870,9
95,765,9
95,797,9
96,104,21
96,873,9
96,917,26
97,184,21
97,523,31
98,505,47
99,325,1
99,573,31
100,263,1
100,288,1
100,301,1
101,155,21
101,607,5
102,199,21
102,293,1
102,914,26
103,4,22
103,464,47
103,889,9
104,227,21
104,741,9
104,807,9
104,906,26
105,40,22
105,127,21
105,235,21
105,353,1
105,397,47
105,446,47
105,458,47
106,57,22
106,82,22
106,95,21
106,102,21
106,241,21
106,265,1
106,956,28
108,269,1
109,135,21
109,234,21
109,518,31
109,554,31
110,105,21
110,356,1
111,429,47
111,860,9
112,553,31
112,889,9
113,540,31
114,90,22
114,159,21
114,178,21
114,497,47
115,377,1
115,507,47
115,752,9
116,738,9
116,950,28
117,214,21
117,595,5
118,29,22
118,105,21
120,591,5
122,84,22
122,404,39
122,419,39
122,499,47
123,271,1
124,999,28
125,521,31
126,409,39
126,750,13
126,843,9
128,338,1
128,625,29
128,647,29
128,884,9
128,973,28
129,787,13
131,617,29
132,756,13
133,323,1
133,425,39
133,594,29
133,604,29
134,453,39
134,636,29
135,519,29
136,142,21
136,199,49
136,932,28
138,175,21
138,190,49
138,192,49
139,582,29
139,709,13
140,127,21
140,943,28
140,945,28
140,993,28
141,457,39
141,685,29
141,789,13
142,334,1
142,777,13
143,463,39
143,670,29
143,816,13
144,458,39
145,862,9
146,253,1
146,835,13
147,434,39
148,633,29
148,727,13
148,788,13
149,11,22
149,218,49
149,393,1
149,707,13
150,406,39
150,466,39
151,495,39
151,606,29
152,100,22
152,134,21
152,285,1
152,853,9
153,768,13
153,991,28
154,78,22
154,284,1
154,729,13
154,988,28
155,435,39
157,355,1
157,715,13
158,215,49
158,228,49
158,421,39
158,465,39
159,488,39
159,550,29
159,715,13
160,30,22
160,241,1
162,67,22
162,883,9
163,164,49
163,509,39
163,674,29
163,727,13
164,327,1
164,361,1
164,530,29
165,111,22
165,262,1
166,210,49
166,313,1
167,146,22
167,178,49
167,629,29
167,779,13
168,12,22
168,747,13
168,809,13
169,55,22
169,121,22
169,204,49
169,464,39
169,823,13
171,283,1
171,737,13
172,353,1
172,701,13
173,132,22
173,731,13
174,328,1
174,709,13
175,197,49
175,289,1
175,342,1
176,203,49
176,358,1
177,90,22
177,101,22
177,261,1
177,514,39
177,726,13
178,47,22
178,131,22
178,219,49
178,623,29
179,39,22
179,432,39
180,148,22
180,198,49
180,450,39
180,949,28
180,971,28
181,359,1
181,961,28
181,975,28
183,201,49
183,252,1
183,557,29
183,633,29
184,42,22
184,657,29
184,716,13
185,81,22
185,373,1
187,355,1
187,885,9
188,222,49
188,259,1
189,974,28
190,19,22
190,320,1
190,653,29
191,372,1
191,741,13
191,763,13
191,804,13
191,881,13
192,10,22
192,333,1
192,618,29
192,626,29
193,234,49
193,536,29
193,803,13
194,268,1
194,359,1
195,212,49
195,442,39
195,787,13
196,48,22
196,145,49
196,608,29
196,629,29
197,11,22
197,224,49
198,230,49
199,113,22
199,131,22
199,216,49
199,296,1
199,825,13
200,257,49
200,479,39
201,498,39
202,37,22
202,55,22
202,708,13
202,774,13
203,185,49
204,24,22
204,63,22
204,225,49
204,230,49
204,574,29
204,658,29
205,3,22
205,69,22
205,707,13
205,745,13
205,824,13
206,250,49
206,560,29
206,804,13
207,845,13
207,945,28
208,588,29
208,913,28
209,268,49
209,749,13
209,982,28
210,747,13
210,968,28
211,220,49
212,224,49
212,626,29
215,39,22
215,367,39
215,963,28
216,359,39
216,701,13
216,793,13
216,991,28
218,478,39
218,551,29
218,933,28
218,943,28
219,136,49
219,275,1
219,544,29
219,808,13
220,40,22
220,90,22
220,238,49
220,726,13
221,367,39
221,402,39
221,491,39
221,562,29
222,493,39
222,901,13
223,7,22
223,185,49
223,669,29
223,786,13
226,563,29
227,52,22
227,403,39
227,540,29
228,177,49
228,378,39
228,629,29
228,690,29
228,727,13
229,616,29
230,517,29
230,991,28
231,201,49
231,323,1
231,800,13
232,529,29
232,816,13
232,924,13
233,142,49
233,274,49
233,343,1
233,982,28
234,303,1
234,803,13
234,933,28
235,933,28
236,184,49
236,498,7
236,723,13
236,752,13
237,712,13
237,831,13
239,364,39
240,284,1
240,821,13
240,972,28
242,197,49
242,199,49
242,325,1
242,704,13
243,508,7
243,576,29
244,126,3
244,180,49
244,449,39
244,505,7
244,773,13
245,408,39
245,475,39
246,43,22
246,346,1
246,896,13
247,323,1
248,51,22
248,342,1
248,483,7
249,829,13
250,15,22
250,121,3
250,679,29
250,725,13
250,966,28
251,42,22
251,333,1
251,701,13
251,803,13
251,842,13
252,449,39
252,628,29
253,201,49
253,432,39
254,285,1
254,556,29
254,758,13
254,815,13
254,869,13
254,910,13
256,190,49
256,292,1
256,488,7
256,803,13
257,660,29
257,939,28
258,7,3
258,120,3
258,618,29
258,995,28
259,28,3
260,254,49
260,422,39
261,44,3
261,688,29
262,417,39
262,557,29
263,18,3
263,111,3
264,15,3
264,114,3
264,829,13
265,452,39
265,568,29
265,730,13
265,790,13
266,70,3
266,128,3
266,367,39
266,619,29
266,820,13
266,969,28
267,44,3
267,679,29
268,312,1
268,443,39
268,642,29
268,796,13
269,26,3
269,161,3
269,272,49
270,141,3
270,312,1
270,366,39
270,502,7
270,540,7
270,896,13
271,375,39
272,16,3
272,124,3
273,305,1
273,365,39
273,744,13
274,228,49
274,247,49
274,304,1
274,319,1
275,373,39
276,468,7
277,17,3
277,222,49
278,474,7
279,271,49
279,526,7
279,563,29
279,598,29
279,635,29
279,904,13
280,37,3
280,463,7
280,820,13
281,805,13
282,350,1
282,718,0
283,135,3
283,635,29
283,651,29
283,670,29
284,826,13
285,121,3
285,256,49
286,171,3
286,845,13
287,183,3
287,308,1
289,539,7
289,933,28
290,177,3
290,314,1
290,383,7
290,667,29
290,730,0
290,734,0
290,982,18
291,92,3
291,665,29
293,453,7
293,529,7
293,758,0
294,111,3
294,984,18
295,693,0
295,787,0
295,828,0
295,946,28
297,374,7
297,389,7
299,112,3
299,366,7
299,801,0
299,900,0
300,381,7
300,499,7
300,888,0
300,988,18
301,47,3
301,614,29
301,755,0
302,174,3
302,215,17
302,528,7
302,539,7
303,339,1
303,840,0
303,854,0
303,981,18
305,777,0
306,594,29
306,711,0
306,819,0
306,841,0
307,593,29
307,722,0
308,113,3
308,172,3
308,315,1
308,604,29
309,636,29
310,667,0
310,917,0
311,523,7
311,720,0
311,973,18
312,522,7
312,955,18
313,204,17
313,517,7
313,521,7
313,587,29
313,627,29
314,734,0
314,904,0
315,412,7
315,735,0
317,201,17
317,553,7
317,738,0
318,989,18
319,274,17
319,464,7
319,806,0
319,936,0
320,228,17
320,383,43
320,396,43
320,508,7
320,549,7
320,852,0
320,886,0
321,398,43
321,419,7
321,694,0
321,762,0
322,203,17
322,410,7
323,290,17
323,831,0
323,843,0
323,876,0
324,145,36
324,211,17
324,703,0
325,86,3
326,617,29
327,624,29
327,635,29
327,768,0
327,938,0
329,319,1
329,322,1
329,850,0
330,308,17
330,389,43
331,101,3
333,412,43
333,536,7
334,562,7
334,613,29
334,839,0
335,48,44
335,527,7
335,560,7
335,896,0
336,368,43
336,445,7
336,497,7
337,121,3
337,236,17
338,57,44
339,109,3
339,282,17
339,342,43
339,990,18
340,328,17
340,404,43
340,717,0
340,864,0
340,917,0
344,204,17
344,739,0
344,818,0
345,310,17
345,856,0
347,791,0
347,857,0
348,539,7
348,625,29
349,5,44
350,85,3
350,347,43
350,969,18
351,326,17
351,624,29
351,925,0
352,15,44
352,762,0
352,866,0
352,868,0
352,950,18
353,111,36
353,416,43
353,881,0
354,327,17
354,625,29
354,663,0
355,69,44
355,342,43
355,384,43
355,518,7
355,552,7
355,669,0
355,940,18
356,127,36
356,807,0
357,167,17
357,567,7
358,212,17
358,243,17
358,458,7
358,514,7
359,58,44
359,98,36
359,286,17
359,372,43
359,874,0
359,966,18
360,988,18
361,736,0
361,855,0
362,843,0
363,119,36
363,773,0
363,782,0
364,466,7
365,862,0
366,246,17
366,597,42
366,757,0
366,881,0
366,974,18
367,120,36
367,533,7
367,570,42
367,878,0
368,249,17
368,633,0
368,754,0
368,986,18
369,414,43
369,628,42
370,574,42
370,791,0
370,898,0
371,163,36
371,226,17
371,923,18
372,662,0
372,948,18
373,17,44
373,750,0
373,810,0
374,246,17
375,548,42
377,435,43
377,840,0
377,946,18
378,158,36
378,247,17
378,272,17
378,465,7
379,260,17
379,604,42
379,631,42
381,270,17
381,811,0
383,670,0
383,885,0
384,228,17
384,712,0
385,97,36
385,98,36
385,351,43
385,465,43
385,874,0
385,889,0
385,997,18
386,852,0
387,767,0
387,833,0
388,131,36
388,153,36
388,613,42
388,618,42
389,690,0
389,730,0
389,997,18
390,323,43
390,882,0
391,609,42
391,833,0
392,65,44
393,227,17
393,501,7
393,889,0
394,755,0
395,40,44
395,47,44
395,154,36
395,536,42
395,883,0
395,916,18
396,66,44
397,489,7
397,689,0
397,881,0
397,991,18
398,530,42
398,590,42
398,964,18
399,472,43
399,882,0
400,72,44
400,145,36
400,477,43
400,545,42
400,549,42
401,124,36
401,329,43
402,355,43
402,484,43
402,988,18
403,635,42
403,679,16
403,987,18
404,230,17
404,235,17
404,651,42
405,28,44
405,66,44
405,110,36
405,192,17
406,31,44
406,128,36
406,160,36
406,641,42
406,826,0
407,234,17
407,547,42
407,759,0
408,474,43
409,133,36
409,320,43
409,516,42
410,795,0
411,168,17
411,605,42
412,130,36
412,214,17
412,227,17
412,313,43
412,450,43
412,888,18
413,81,44
413,202,17
413,652,42
413,698,35
413,825,0
414,37,44
414,76,44
416,886,18
417,126,36
417,207,17
417,463,43
417,504,42
417,617,42
417,818,0
418,245,17
418,292,43
419,574,42
420,216,17
420,337,43
420,849,0
421,638,42
421,929,18
422,438,43
423,208,17
423,281,17
423,480,43
423,597,42
423,899,18
423,963,18
424,226,17
424,240,17
424,466,43
424,974,18
425,337,43
425,663,16
426,765,0
426,855,0
427,63,44
427,444,43
427,544,42
427,553,42
427,589,42
427,771,0
428,38,44
428,94,44
428,187,17
429,312,43
429,667,16
430,79,44
430,141,36
430,345,43
430,862,18
432,179,17
432,297,43
432,360,43
432,373,43
432,747,0
432,829,0
432,897,18
433,24,44
433,862,18
433,984,18
434,12,44
434,451,43
434,706,35
434,718,35
435,12,44
435,101,44
435,140,36
435,571,42
435,625,42
437,144,36
437,936,18
438,31,44
438,730,35
438,934,18
438,937,18
440,319,43
440,462,43
441,483,43
442,592,42
442,797,0
443,417,43
445,518,42
445,557,42
445,674,16
445,786,0
445,936,18
446,242,17
446,360,43
446,472,43
446,481,43
446,788,0
446,915,18
447,6,44
448,659,42
448,691,35
448,776,0
448,785,0
449,367,43
449,600,42
449,738,35
449,904,24
450,387,43
450,494,42
450,963,18
451,150,36
451,830,0
452,868,24
452,876,24
452,903,24
453,173,17
453,179,17
453,225,17
454,113,44
454,487,42
454,652,42
455,162,36
455,178,17
456,181,17
458,4,44
458,102,44
458,184,17
458,359,43
458,537,42
458,824,0
458,882,24
458,909,24
459,531,42
459,885,24
460,153,36
461,176,17
461,388,43
461,598,42
461,663,16
462,2,44
462,133,36
462,547,42
462,708,35
463,281,43
463,370,43
463,606,42
463,789,0
464,19,44
464,29,44
464,98,44
464,282,43
464,601,42
465,850,24
466,330,43
466,624,42
466,787,0
467,174,17
467,372,43
468,344,43
468,625,42
469,69,44
469,86,44
469,489,42
469,633,42
469,925,24
469,986,18
470,300,43
470,366,43
470,442,12
470,498,42
471,187,17
474,91,44
474,100,44
474,120,36
474,767,35
474,815,0
475,60,44
475,450,12
475,951,18
475,965,18
476,429,12
476,535,42
477,279,12
477,632,42
478,95,44
478,169,17
478,201,17
478,572,42
479,348,12
479,923,24
480,220,17
480,337,12
480,379,12
480,917,24
481,137,36
481,267,12
481,450,12
482,545,42
483,270,12
484,70,44
484,384,12
485,252,17
485,691,35
485,880,24
485,953,18
487,42,44
487,661,16
487,950,18
488,254,12
488,334,12
489,527,42
490,628,42
490,710,35
490,972,18
491,485,12
492,36,44
492,324,12
492,503,42
493,629,6
493,677,16
494,185,17
495,281,12
495,642,6
495,804,24
496,38,44
496,59,44
496,209,17
496,212,17
496,258,12
496,402,12
497,488,12
498,18,44
498,293,12
498,353,12
500,473,12
500,484,12
500,714,35
500,965,18
501,468,12
501,581,42
501,987,18
502,982,18
502,997,18
503,248,17
503,674,16
503,749,35
503,982,18
504,32,44
504,140,36
504,480,12
504,507,42
504,735,35
505,110,41
505,365,12
505,485,12
505,517,42
506,864,24
507,36,44
507,668,16
508,51,44
508,263,12
509,256,12
511,654,16
513,59,44
513,486,12
513,835,24
514,722,35
514,730,35
514,779,35
515,106,41
515,211,17
515,304,12
515,455,12
515,612,6
516,96,41
516,257,12
516,425,12
516,434,12
516,661,16
517,66,41
517,708,35
517,719,35
517,944,24
518,268,12
518,372,12
518,463,12
518,800,24
519,841,24
519,982,18
520,287,12
520,405,12
520,423,12
520,677,16
521,198,17
521,324,12
521,777,35
522,21,41
522,30,41
522,62,41
522,329,12
522,878,24
522,985,18
523,652,16
524,975,24
525,81,41
527,244,17
527,531,42
527,704,35
527,951,24
528,26,41
530,693,35
530,758,35
531,63,41
531,514,42
531,650,16
531,670,16
531,853,24
532,287,12
532,558,42
532,826,24
533,398,12
533,913,24
534,11,41
534,410,12
534,968,24
535,513,42
535,648,16
536,6,41
536,415,12
536,423,12
537,29,41
537,718,35
537,887,24
538,407,12
538,464,12
538,709,35
538,718,35
539,511,42
541,205,41
541,928,24
542,822,24
543,149,41
544,568,6
544,763,35
545,628,6
546,110,41
547,112,41
547,221,41
547,584,6
547,875,24
548,758,35
551,611,6
552,82,41
552,109,41
553,45,41
553,257,41
553,980,24
554,600,6
554,661,16
554,938,24
555,60,41
555,119,41
555,174,41
555,240,41
555,300,12
555,460,12
555,835,24
555,843,24
556,290,12
556,440,12
556,440,12
558,33,41
558,373,12
558,438,12
558,493,42
558,599,6
558,667,16
559,75,41
559,272,41
559,946,24
560,243,41
560,426,12
560,484,12
560,507,6
560,767,35
560,821,23
561,30,41
561,68,41
561,294,12
561,642,6
561,769,35
562,135,41
562,626,6
563,133,41
564,51,41
566,700,35
567,9,41
567,32,41
567,55,41
567,342,12
567,368,12
568,17,41
568,465,12
568,596,6
568,841,23
569,692,48
569,995,24
570,328,12
570,396,12
570,402,12
571,698,48
571,866,24
572,9,41
572,353,12
572,380,12
572,596,6
572,818,23
575,269,41
579,22,41
579,98,41
579,669,48
580,5,41
580,39,41
580,67,41
580,176,41
580,364,12
580,419,12
580,746,35
580,926,33
581,410,12
581,449,12
582,7,41
582,98,41
583,152,41
583,953,33
583,990,33
584,369,12
584,433,12
584,677,48
584,691,48
584,859,23
585,250,41
585,761,35
586,60,41
586,426,12
586,484,6
586,851,23
587,959,33
589,258,41
589,828,23
591,197,41
591,198,41
592,152,41
592,629,6
592,820,23
592,923,33
593,190,41
593,362,12
593,835,23
594,37,41
594,100,41
594,455,12
594,482,6
595,192,41
595,220,41
595,712,35
596,28,34
596,159,41
596,322,12
596,569,6
598,825,23
599,822,23
600,645,6
600,688,48
601,83,41
601,96,41
601,436,12
601,862,23
602,257,41
602,549,6
602,638,6
603,360,12
603,708,35
604,119,41
604,365,12
604,921,33
605,232,41
605,867,23
606,621,6
606,817,23
607,381,12
607,745,35
608,55,41
608,417,12
608,579,6
609,105,41
609,382,12
609,413,12
609,525,6
609,875,33
609,883,33
610,60,41
610,958,33
611,640,6
611,786,23
611,839,23
612,355,12
612,397,12
612,788,23
613,761,30
613,783,23
613,868,23
613,962,33
615,7,34
615,361,12
616,229,46
616,338,12
616,609,6
617,253,46
617,411,12
617,622,6
618,437,12
618,488,8
619,122,41
620,15,34
620,31,34
621,757,30
622,732,35
622,955,33
623,6,34
623,48,34
623,380,12
623,998,33
624,398,12
624,527,19
624,648,6
625,738,35
626,100,41
626,129,41
626,175,46
626,254,46
626,320,46
626,564,19
626,672,48
627,76,41
627,194,46
627,349,12
627,757,30
627,959,33
627,962,33
628,242,46
629,255,46
629,969,33
630,227,46
630,242,46
632,409,12
632,891,33
633,250,46
633,378,12
633,836,23
633,848,23
634,71,41
634,222,46
634,334,15
634,640,19
634,679,48
637,597,19
637,646,19
640,314,46
640,618,19
641,197,46
641,996,33
643,463,8
643,576,19
643,938,33
644,223,46
644,727,30
644,817,23
644,960,33
645,136,46
645,625,19
647,209,46
647,789,23
647,995,33
648,2,34
648,522,19
649,70,34
649,558,19
649,808,23
650,222,46
650,443,8
650,608,19
650,834,23
650,858,23
650,887,33
651,210,46
651,570,19
651,667,19
652,551,19
653,70,34
653,134,46
653,343,15
653,479,8
653,560,19
653,811,23
653,854,23
653,985,45
655,286,46
655,880,23
656,177,46
656,512,19
656,552,19
656,749,30
656,867,23
657,251,46
657,275,46
658,153,46
658,382,8
658,664,19
659,77,34
659,225,46
659,884,33
660,16,34
660,872,23
661,844,23
663,80,34
663,240,46
664,333,15
664,345,15
664,602,19
664,901,33
664,914,33
665,144,46
665,517,19
665,589,19
666,344,15
666,625,19
666,748,30
668,552,19
668,720,30
668,820,23
668,830,23
668,856,23
669,6,34
669,39,34
669,252,46
669,364,8
670,290,46
670,715,30
672,102,46
672,460,8
672,721,30
673,86,34
673,220,46
673,537,19
674,172,46
674,185,46
675,486,8
675,688,19
676,578,19
676,894,33
677,305,46
677,821,23
678,337,15
678,517,8
679,344,15
679,549,19
679,939,45
680,54,34
680,225,46
680,359,8
680,707,30
682,269,46
682,323,15
682,328,15
682,332,15
683,368,8
684,158,46
684,232,46
684,329,15
684,431,8
684,524,19
686,346,15
686,481,8
687,69,34
687,185,46
687,305,46
687,379,8
688,452,8
689,629,19
689,931,45
690,27,34
690,201,46
690,261,46
690,330,15
690,714,30
690,865,23
690,877,45
691,279,46
691,558,19
693,186,46
693,535,19
695,106,46
695,332,15
695,339,15
695,469,8
695,627,19
695,677,19
695,695,30
696,501,8
696,622,19
696,769,30
697,162,46
697,893,45
698,104,46
698,248,46
698,854,23
700,88,46
700,525,8
700,925,45
701,222,46
701,230,46
701,672,19
702,262,46
702,389,8
702,496,8
702,642,19
702,802,30
702,935,45
703,496,8
703,800,30
704,247,46
704,618,19
705,104,46
705,430,8
706,99,46
706,105,46
706,942,45
707,493,8
707,761,30
707,762,30
708,168,46
709,560,19
710,248,46
711,477,8
711,587,19
711,881,45
712,870,23
713,106,46
713,326,15
713,326,15
713,584,19
713,637,19
713,662,19
715,384,8
716,141,46
716,604,19
716,917,45
717,505,8
717,545,8
718,325,15
718,834,23
721,440,8
721,894,45
723,602,19
723,666,32
724,761,30
725,248,46
725,265,46
725,298,15
727,201,46
727,283,46
727,310,15
727,329,15
727,397,8
728,111,46
728,252,46
729,43,34
729,835,23
729,975,45
730,324,15
730,690,32
731,625,19
731,715,32
731,945,45
732,339,15
732,776,30
732,858,23
732,936,45
732,972,45
733,584,19
734,242,46
734,251,46
734,282,15
734,973,45
735,217,46
735,790,30
736,75,46
736,384,8
736,501,8
737,859,23
737,998,45
738,218,46
738,368,8
738,430,8
739,271,46
739,793,30
741,637,19
741,984,45
743,32,34
743,491,8
743,544,8
743,933,45
744,87,46
744,668,32
744,669,32
745,307,15
745,319,15
745,498,8
746,129,46
746,231,46
746,293,15
746,570,8
747,394,8
747,399,8
747,527,8
747,548,8
747,822,2
748,94,46
748,511,8
749,801,2
749,838,2
749,931,45
749,996,45
750,54,34
750,429,8
750,912,45
751,286,15
751,488,8
751,506,8
753,530,38
753,837,2
754,303,15
754,327,15
754,876,2
754,927,45
755,38,34
755,270,15
756,304,15
756,738,32
756,762,2
757,63,34
758,30,34
758,47,34
758,134,46
759,70,34
759,171,46
759,461,8
760,116,46
760,181,46
760,253,15
760,518,38
761,466,8
761,901,45
763,593,11
763,636,32
764,277,15
764,468,8
764,550,38
765,531,38
766,180,46
766,331,15
766,414,8
766,730,32
767,231,46
767,349,15
767,406,8
767,603,19
768,471,8
768,935,45
769,13,34
769,224,46
769,514,38
770,306,15
770,785,2
771,43,34
771,284,15
771,842,2
772,190,46
772,690,32
772,693,32
772,917,45
772,989,45
772,998,45
773,317,15
773,530,38
773,693,32
774,204,46
774,541,38
774,686,32
775,345,15
775,842,2
775,929,45
776,84,46
776,412,8
776,978,45
777,795,2
777,804,2
778,755,2
778,893,45
779,18,34
780,935,45
780,981,45
781,102,46
781,435,8
781,850,40
782,387,15
783,63,34
783,819,40
784,946,45
785,518,38
785,703,32
785,889,40
787,301,15
787,725,32
787,845,40
788,649,32
788,758,2
788,791,40
789,385,15
789,405,8
789,650,32
789,900,45
790,527,38
791,57,34
791,788,40
791,796,40
792,438,8
792,869,40
793,208,46
793,371,15
793,410,8
793,733,32
794,493,38
795,250,15
795,685,40
795,928,45
796,14,34
796,109,46
796,185,46
797,67,34
797,618,11
798,236,15
799,578,38
800,75,46
800,319,15
800,701,40
800,816,40
800,843,40
801,47,34
801,177,46
802,29,34
802,383,15
802,422,38
802,747,40
803,223,15
803,396,15
803,454,38
803,871,40
804,144,46
804,216,15
807,53,34
807,488,38
807,908,40
808,111,46
808,316,15
808,725,40
808,941,45
808,943,45
809,539,38
809,716,40
810,387,15
812,6,34
812,173,46
813,385,15
813,487,37
814,326,15
814,972,45
816,83,46
816,210,14
816,547,37
816,923,45
817,166,46
817,252,15
817,620,11
817,754,40
818,97,46
818,719,40
819,451,37
819,659,11
819,902,40
821,601,11
821,762,40
821,953,45
822,758,40
823,317,15
823,328,15
823,563,37
823,626,11
824,220,15
824,692,40
825,80,46
827,834,40
828,174,46
828,259,15
828,270,15
828,273,15
828,674,40
828,999,45
829,150,46
829,474,37
829,589,11
829,716,40
829,740,40
830,436,37
830,606,11
830,840,40
830,917,40
831,173,46
831,289,15
832,279,15
833,67,34
833,192,14
833,859,40
834,32,34
834,339,15
834,749,40
834,976,45
835,291,15
835,348,15
835,592,11
835,611,11
835,666,11
835,898,40
835,902,40
837,22,34
838,480,37
841,197,14
841,245,15
841,638,11
841,812,40
841,872,40
841,907,40
842,535,37
843,133,46
843,795,40
844,97,46
844,724,40
844,833,40
844,999,45
845,106,46
845,502,37
845,579,11
845,741,40
845,867,40
846,254,15
846,408,15
846,517,37
846,700,40
846,884,10
847,477,37
847,567,11
847,826,40
848,28,34
848,95,46
848,355,15
848,444,37
848,646,11
849,179,14
849,457,37
852,276,15
852,312,15
852,731,40
853,89,46
853,203,14
853,516,37
853,575,11
854,350,15
854,670,11
854,711,40
854,967,45
855,105,46
855,526,37
855,862,40
856,34,34
856,462,37
856,733,40
857,37,34
857,154,46
857,228,15
857,375,15
859,72,46
859,312,15
859,696,11
859,722,40
860,430,4
860,797,40
861,177,14
862,89,46
862,295,15
862,373,15
862,569,11
862,787,40
864,262,27
864,691,11
864,729,40
865,687,11
865,936,10
866,614,11
867,225,27
867,387,15
867,482,37
867,642,11
867,734,40
867,854,40
868,420,4
868,524,37
868,647,11
869,246,27
869,499,37
869,677,11
870,51,34
870,310,15
870,345,15
870,417,15
870,449,4
870,608,11
871,52,34
871,276,27
871,501,37
871,846,40
872,63,14
872,286,27
872,380,15
872,708,40
873,300,15
873,601,11
873,863,10
873,924,10
874,690,20
874,695,20
875,192,14
875,454,4
875,589,11
876,28,34
877,72,14
877,155,14
877,296,15
877,415,4
877,687,20
877,708,40
877,854,10
878,915,10
879,389,25
879,618,11
879,857,10
880,156,14
880,178,14
880,252,27
880,486,37
881,150,14
881,319,15
881,433,4
881,472,4
882,418,4
882,662,20
883,626,20
883,633,20
884,328,15
885,197,14
885,230,27
885,289,27
885,293,27
885,478,4
885,995,10
886,201,14
886,390,25
886,556,11
886,698,20
886,898,10
887,255,27
887,909,10
888,132,14
889,132,14
889,162,14
889,316,15
889,328,15
889,528,37
889,757,40
889,974,10
890,183,14
890,245,27
890,282,27
890,589,11
891,990,10
893,225,27
893,295,27
893,327,15
894,238,27
894,268,27
894,297,27
895,130,14
895,508,37
896,145,14
896,274,27
896,390,25
896,637,20
896,669,20
896,962,10
897,251,27
897,535,11
897,725,20
898,48,14
898,158,14
898,567,11
900,117,14
900,123,14
900,254,27
900,802,40
901,342,25
901,698,20
901,757,40
901,967,10
902,116,14
902,206,14
902,283,27
903,99,14
903,775,40
903,947,10
904,526,37
904,563,11
904,882,10
905,431,4
906,915,10
907,169,14
907,668,20
907,933,10
907,965,10
907,997,10
908,828,10
910,17,34
910,348,25
910,661,20
910,894,10
911,228,27
911,960,10
911,976,10
911,984,10
912,265,27
912,265,27
912,334,25
912,782,40
912,782,40
912,926,10
913,76,14
914,351,25
914,675,20
915,3,14
915,400,25
915,682,20
915,707,20
915,904,10
917,718,20
918,314,27
918,618,20
918,709,20
918,951,10
919,226,27
919,348,25
919,523,37
919,527,37
919,916,10
920,83,14
920,512,4
920,539,11
920,668,20
921,316,27
921,477,4
922,310,27
922,655,20
922,898,10
922,958,10
925,622,20
927,10,14
927,38,14
927,71,14
927,983,10
928,527,4
928,591,20
928,998,10
929,556,20
929,706,20
931,284,27
931,368,25
931,697,20
931,808,10
932,148,14
933,77,14
933,389,25
933,724,20
933,973,10
934,697,20
936,22,14
938,381,25
938,620,20
938,658,20
938,773,40
939,256,27
939,560,20
939,757,20
939,763,20
940,426,4
941,82,14
941,442,4
941,931,10
941,955,10
942,819,10
942,877,10
943,395,4
943,473,4
943,887,10
944,321,27
945,208,14
945,303,27
945,629,20
945,956,10
946,228,14
946,328,25
946,492,4
946,533,4
946,630,20
948,218,14
948,301,27
948,550,20
948,865,10
948,901,10
949,535,4
949,688,20
950,385,4
950,517,4
950,989,10
951,587,20
951,642,20
951,842,10
952,217,14
953,599,20
953,720,20
953,793,10
954,175,14
954,255,27
954,284,27
954,828,10
954,960,10
955,260,27
955,530,4
955,707,20
955,921,10
956,575,20
956,617,20
957,525,4
957,877,10
958,255,27
958,793,10
958,847,10
958,863,10
958,964,10
959,78,14
959,532,4
959,605,20
960,206,14
961,118,14
961,140,14
961,192,14
961,570,20
962,888,10
963,6,14
963,123,14
963,375,25
963,898,10
964,417,4
964,443,4
965,422,4
965,634,20
965,893,10
966,172,14
966,200,14
966,325,25
966,405,4
967,6,14
967,450,4
967,626,20
967,870,10
968,21,14
968,53,14
968,524,4
968,643,20
968,824,10
969,607,20
970,397,4
973,15,14
973,704,20
974,20,14
974,687,20
974,730,20
974,990,10
975,177,14
975,943,10
976,94,14
976,214,14
976,531,4
976,805,10
977,56,14
978,129,14
978,181,14
978,223,14
978,392,4
978,997,10
979,79,14
979,192,14
979,247,14
979,464,4
979,468,4
979,689,20
980,640,20
980,943,10
981,212,14
981,260,14
981,939,10
982,517,4
982,868,10
983,4,14
983,501,4
983,638,20
984,151,14
985,2,14
985,422,4
986,79,14
986,510,4
986,670,20
987,496,4
988,74,14
988,672,20
989,0,14
990,66,14
990,257,14
990,293,27
990,407,4
992,20,14
992,62,14
992,353,25
993,203,14
993,496,4
993,712,20
993,826,10
993,977,10
994,148,14
994,531,4
994,574,20
994,818,10
995,296,27
996,779,10
997,123,14
997,194,14
997,528,4
997,885,10
998,296,27
998,598,20
998,680,20
999,48,14
999,128,14
999,809,10
